{
    "maps": [
        {
            "name": "Bind",
            "image": "bind.jpg",
            "description": "A map with teleporters that allows for rapid rotations."
        },
        {
            "name": "Haven",
            "image": "haven.jpg",
            "description": "Unique map with three bomb sites."
        },
        {
            "name": "Split",
            "image": "split.jpg",
            "description": "A map with verticality and tight choke points."
        },
        {
            "name": "Ascent",
            "image": "ascent.jpg",
            "description": "A map with a large open middle area and a lot of verticality."
        },
        {
            "name": "Icebox",
            "image": "icebox.jpg",
            "description": "A map set in an arctic wilderness with lots of cover and verticality."
        },
        {
            "name": "Breeze",
            "image": "breeze.jpg",
            "description": "A tropical map with long sightlines and open spaces."
        },
        {
            "name": "Fracture",
            "image": "fracture.jpg",
            "description": "A map with two parallel paths, allowing for creative strategies."
        },
        {
            "name": "Pearl",
            "image": "pearl.jpg",
            "description": "A map set in an underwater city, featuring a mix of open areas and tight corridors."
        },
        {
            "name": "Lotus",
            "image": "lotus.jpg",
            "description": "A map inspired by ancient temples, featuring multiple levels and a complex layout."
        },
        {
            "name": "Sunset",
            "image": "sunset.jpg",
            "description": "A vibrant map set in a city during sunset, with a mix of outdoor and indoor areas."
        }
    ]
}
